name,id
activity_manager:defer_boot_completed_broadcast,4630287741366763520
activity_manager:enable_metacam_screen_recording_signal,4630006266390642688
activity_manager:full_pss_lowered_interval,4630287741367156736
activity_manager:full_pss_min_interval,4630287741367091200
activity_manager:low_swap_threshold_percent,4630850691320053760
activity_manager:max_cached_processes,4630287741366829056
activity_manager:max_phantom_processes,4630287741366894592
activity_manager:min_crash_interval,4630287741367025664
activity_manager:no_kill_cached_processes_post_boot_completed_duration_millis,4630287741366960128
activity_manager:proactive_kills_enabled,6935849275603681280
activity_manager:service_start_foreground_anr_delay_ms,4630287741367287808
activity_manager:service_start_foreground_timeout_ms,4630287741367222272
activity_manager:use_compaction,6935849275603550208
activity_manager:use_modern_trim,6935849275604402176
aosp_system_native:enable_gpu_release_fence,4630006934795255808
aosp_system_native:enable_spc_multi_buffer,4630006934794797056
aosp_system_native:hdr_display_max_lumi,4630851359724535808
aosp_system_native:hdr_tone_mapping_content_max_lumi,4630851359724601344
aosp_system_native:hzos_allow_spatial_panels_in_overlay,4630006934795059200
aosp_system_native:hzos_enable_fullhd_pca,6935849944009408512
aosp_system_native:hzos_enable_horizon_audio_service,4630006934794600448
aosp_system_native:hzos_enable_mvhevc_decoder,6935849944008032256
aosp_system_native:hzos_enable_mvhevc_encoder,6935849944009146368
aosp_system_native:hzos_eps_mixer_thread_lazy_init,4630006934794993664
aosp_system_native:hzos_multi_audio_focus,4630288409771638784
aosp_system_native:multi_microphone_audio_policy_enabled,4630006934794534912
aosp_system_native:vros_enable_dolby_ac4,4630006934795517952
aosp_system_sessionless:autofill_manual_entry_update_detection_enabled,4630006935063560192
aosp_system_sessionless:autofill_popup_ensure_absolute_bounds,6935849944277188608
aosp_system_sessionless:hdr_display_max_lumi,4630851359992840192
aosp_system_sessionless:hdr_tone_mapping_content_max_lumi,4630851359992905728
aosp_system_sessionless:hzos_anss_app_blocklist_image,4630569885016391680
aosp_system_sessionless:hzos_anss_app_blocklist_text,4630569885016326144
aosp_system_sessionless:hzos_anss_app_blocklist_video,4630569885016457216
aosp_system_sessionless:hzos_anss_enable_msgr_placeholder,4630006935063101440
aosp_system_sessionless:hzos_propagate_secure_flag_to_vwr_killswitch,4630006935063298048
aosp_system_sessionless:hzos_settings_credman_override,4630006935063429120
aosp_system_sessionless:improve_install_freeze,6935849944277385216
aosp_system_sessionless:is_in_call_audio_recording_enabled,4630006935063363584
app_hibernation:app_hibernation_enabled,4630006820172201984
constellation_native:oculus_input_tracking_use_lowpass_for_ct_in_hand,4630006987139121152
credential_manager:enable_credential_manager,4630013422879113216
hand_body_native:arvr_gk_nimble_disable_stp_audio_cue,4630006987407818752
hand_body_native:arvr_gk_nimble_remove_boundary_dets_mv,4630006987407622144
hand_body_native:arvr_gk_nimble_v204,4630006987408015360
hand_body_native:arvr_gk_nimble_v207_fast_acquisition,4630006987408343040
hand_body_native:arvr_gk_nimble_v85,4630006987407687680
hand_body_native:mg_middle_pinch,4630006987407949824
hand_body_native:oculus_mobile_adjust_capsense_joint_orientations,4630006987407556608
hand_body_native:oculus_nimble_gk_body_encoder_v2,4630006987407884288
hzos_files_sessionless:enable_action_view_open,4630011671874764800
hzos_files_sessionless:hzos_files_custom_resolver_dialog_enabled,4630011671874830336
hzos_files_sessionless:hzos_files_enable_app_preference_control,4630011671874633728
hzos_files_sessionless:hzos_files_enable_ootb_defaults,4630011671874699264
hzos_osconfig_sessionless:freshness_sampling_rate,4630854806972399616
hzos_rescue_party_native:disable_rescue_party,6935849143533305856
hzos_rescue_party_native:disable_rescue_party_factory_reset,6935849143533371392
hzos_rescue_party_native:disable_rescue_party_reboot,6935849143533436928
hzos_spatial_io_config_sessionless:spc_component_blocklist,4630570778369458176
hzos_spatial_io_config_sessionless:spc_component_blocklist_v203,4630570778369589248
hzos_system_native:cpuflow_telemetry,4630006933996765184
hzos_system_native:cpuflow_telemetry_collection_interval,4630288408973803520
hzos_system_native:cpuflow_telemetry_sample_interval,4630288408973869056
hzos_system_native:crashreporter_collect_sysprops,4630006933995323392
hzos_system_native:crashreporter_enable_wtf,4630006933994143744
hzos_system_native:crcs_config_list,4630569883946188800
hzos_system_native:crcs_controller_environment_lighting,4630006933990604800
hzos_system_native:crcs_cpu_dvfs_allowlist,4630569883944812544
hzos_system_native:crcs_devchoice,4630006933990670336
hzos_system_native:crcs_disable_dynamic_clock_algorithm,4630006933993488384
hzos_system_native:crcs_disable_shell_gpu_boost,6935849943204429824
hzos_system_native:crcs_dual_core_mode_enable,4630288408965808128
hzos_system_native:crcs_dynamic_battery_saver_target_watts,4630851358921719808
hzos_system_native:crcs_dynres_gpu_boost_690,4630006933990539264
hzos_system_native:crcs_enable_charging_clock_boost,4630006933996503040
hzos_system_native:crcs_enable_dynamic_battery_saver,4630006933990473728
hzos_system_native:crcs_enable_multitasking_clock_boost,4630006933996437504
hzos_system_native:crcs_enable_navigator_clock_boost,4630006933996240896
hzos_system_native:crcs_gpu_dvfs_aggressive_allowlist,4630569883944943616
hzos_system_native:crcs_gpu_dvfs_allowlist,4630569883944878080
hzos_system_native:crcs_mr_quest3_upclock,4630006933990801408
hzos_system_native:crcs_offline_cpus_during_suspend,4630006933990866944
hzos_system_native:crcs_per_app_power_mitigations,4630569883945140224
hzos_system_native:crcs_power_mitigations,4630569883944353792
hzos_system_native:crcs_system_mode_default,4630569883944419328
hzos_system_native:crcs_system_mode_experiment,4630569883944550400
hzos_system_native:crcs_system_mode_home_default,4630569883944484864
hzos_system_native:crcs_system_mode_home_experiment,4630569883944615936
hzos_system_native:crcs_telemetry_enabled,4630006933997223936
hzos_system_native:crcs_unpin_all_cores_app_allowlist,4630569883944681472
hzos_system_native:crcs_xr2g1_prime_core_app_allowlist,4630569883944747008
hzos_system_native:diagnostics_collector_user_journey,4630006933995978752
hzos_system_native:htp_dcvs_config,4630569883948285952
hzos_system_native:hzos_media_frameworks_custom_audio_focus_policy,4630006933994668032
hzos_system_native:hzos_minidump_generation,4630006933996830720
hzos_system_native:hzos_multi_audio_focus,4630288408970592256
hzos_system_native:lmkd_sync_reap,4630006933993619456
hzos_system_native:lmkd_use_meminfo_free_swap,4630006933994799104
hzos_system_native:memflow_heap_telemetry,4630006933993684992
hzos_system_native:memflow_heap_telemetry_threshold_kib,4630288408970526720
hzos_system_native:memflow_heap_telemetry_tick_rate,4630288408970461184
hzos_system_native:memflow_immersiveslaexp,4630006933993095168
hzos_system_native:memflow_immersiveslaexp_hard,4630288408969936896
hzos_system_native:memflow_immersiveslaexp_low,4630288408970002432
hzos_system_native:memflow_immersiveslaexp_soft,4630288408969871360
hzos_system_native:memflow_staticexp,4630006933990014976
hzos_system_native:memflow_staticexp_list,4630569883943239680
hzos_system_native:memflow_staticexp_tick_rate,4630288408969740288
hzos_system_native:memflow_sysexp,4630006933989556224
hzos_system_native:memflow_sysexp_deadband,4630851358919622656
hzos_system_native:memflow_sysexp_i_gain,4630851358919557120
hzos_system_native:memflow_sysexp_integral_max,4630851358919426048
hzos_system_native:memflow_sysexp_output_max,4630288408966397952
hzos_system_native:memflow_sysexp_output_min,4630288408966070272
hzos_system_native:memflow_sysexp_p_gain,4630851358919360512
hzos_system_native:memflow_sysexp_setpoint,4630851358919294976
hzos_system_native:memflow_sysexp_tick_rate,4630288408966332416
hzos_system_native:memflow_syssenpaiexp,4630006933989949440
hzos_system_native:memflow_syssenpaiexp_coeff_backoff,4630851358920212480
hzos_system_native:memflow_syssenpaiexp_coeff_probe,4630851358920409088
hzos_system_native:memflow_syssenpaiexp_interval,4630288408966856704
hzos_system_native:memflow_syssenpaiexp_max_backoff,4630851358920540160
hzos_system_native:memflow_syssenpaiexp_max_probe,4630851358919884800
hzos_system_native:memflow_syssenpaiexp_max_size,4630288408966594560
hzos_system_native:memflow_syssenpaiexp_min_size,4630288408967053312
hzos_system_native:memflow_syssenpaiexp_pressure,4630288408966922240
hzos_system_native:memflow_syssenpaiexp_tick_rate,4630288408969674752
hzos_system_native:memflow_telemetry,4630006933992701952
hzos_system_native:memflow_telemetry_tick_rate,4630288408969216000
hzos_system_native:memflow_throttle,4630006933992570880
hzos_system_native:memflow_throttle_duration_ms,4630288408969609216
hzos_system_native:memflow_throttle_tick_rate,4630288408969347072
hzos_system_native:oculus_insights_telemetry_client_parsing_enabled,4630006933994733568
hzos_system_native:oculus_mobile_orchestrator_gpu_telemetry_enabled,4630006933995061248
hzos_system_native:oculus_mobile_perfstream_gpu_metric,4630006933992046592
hzos_system_native:oculus_mobile_perfstream_gpu_metric_sample_rate_ms,4630288408968953856
hzos_system_native:oculus_mobile_perfstream_gpu_significance_threshold,4630851358922440704
hzos_system_native:oculus_ocui_enable_rdk,6935849943202594816
hzos_system_native:oculus_ocui_gaze_controls_enabled,4630006933995520000
hzos_system_native:oculus_ocui_rlds_version,4630288408968691712
hzos_system_native:oculus_si_aec_block_muxmode_transition,4630006933989031936
hzos_system_native:oculus_si_hrt_in_color_translator_2,4630006933994471424
hzos_system_native:oculus_telemetry_cc_migration,4630006933994274816
hzos_system_native:oculus_telemetry_enable_perfstream_statsd_reporting,4630006933994012672
hzos_system_native:oculus_telemetry_event_throughput_counters,4630006933996044288
hzos_system_native:oculus_telemetry_low_latency_budget_multiplier,4630851358924734464
hzos_system_native:oculus_telemetry_quota_enable,4630006933991653376
hzos_system_native:oculus_telemetry_rate_limiter_disable,4630006933994930176
hzos_system_native:oculus_telemetry_session_ondemand,6935849943202660352
hzos_system_native:oculus_telemetry_unified_config_manager,4630006933995388928
hzos_system_native:oculus_telemetry_upload_budget_enable,4630006933996961792
hzos_system_native:oculus_telemetry_upload_budget_enforce,4630006933996896256
hzos_system_native:orchestrator_budget_enforcement_mode,4630569883947958272
hzos_system_native:orchestrator_swm_config,4630288408973737984
hzos_system_native:oscontrol_ondemand_remote_config_enabled,4630006933994405888
hzos_system_native:telemetry_quota_default_per_process_bytes_per_minute,4630288408970919936
hzos_system_native:xr_external_display_strata,4630006933991915520
hzos_system_sessionless:adc_ethernet_over_usb_enabled,4630006934262185984
hzos_system_sessionless:app_zoom_window_sizing_enabled,4630006934259761152
hzos_system_sessionless:attestation_connectivity_check_killswitch,4630006934262644736
hzos_system_sessionless:attestation_error_message_ks,4630006934262710272
hzos_system_sessionless:bluetooth_battery_notification,4630006934263169024
hzos_system_sessionless:bluetooth_peripheral_doze_disconnect,4630006934260154368
hzos_system_sessionless:bluetooth_qqp_apple_proximity_pair,4630006934261858304
hzos_system_sessionless:bluetooth_qqp_fastpair,4630006934257860608
hzos_system_sessionless:bluetooth_qqp_swiftpair,4630006934257795072
hzos_system_sessionless:bt_connection_telemetry_enabled,4630006934262775808
hzos_system_sessionless:bt_pairing_telemetry_enabled,4630006934262841344
hzos_system_sessionless:bugreporter_collect_sysprops,4630006934262251520
hzos_system_sessionless:consumer_pha_periodic_killswitch,4630006934262579200
hzos_system_sessionless:critical_battery_threshold,4630288409235881984
hzos_system_sessionless:datausage_max_lookback_ms,4630288409239748608
hzos_system_sessionless:datausage_stateful_lookback_enabled,4630006934263103488
hzos_system_sessionless:device_access_enable_uat_cache,4630006934258909184
hzos_system_sessionless:enable_metacam_screen_recording_signal,4630006934260088832
hzos_system_sessionless:enable_qr_code_scanner,4630006934257401856
hzos_system_sessionless:enable_system_server_dedicated_cpuset,6935849943475814400
hzos_system_sessionless:full_battery_threshold,4630288409235750912
hzos_system_sessionless:gk_consumer_pha_apk_backup,4630006934259236864
hzos_system_sessionless:gk_package_manifest_generation_killswitch_aosp,4630006934259695616
hzos_system_sessionless:hax_biometric_prompt_inmarket,4630006934259630080
hzos_system_sessionless:hax_biometric_prompt_inmarket_allowlist,4630569884215476224
hzos_system_sessionless:hologram_hzos_api_enabled,4630006934262382592
hzos_system_sessionless:hzos_autofill_saveui_volumetric_enabled,4630006934261202944
hzos_system_sessionless:hzos_bluetooth_messaging,4630006934260482048
hzos_system_sessionless:hzos_enable_pca_link,4630006934257729536
hzos_system_sessionless:hzos_multi_audio_focus,4630288409235685376
hzos_system_sessionless:hzos_network_monitor,4630006934260613120
hzos_system_sessionless:hzos_stats_allowed_atom_ids,4630569884211937280
hzos_system_sessionless:hzos_stats_allowed_config_ids,4630569884212002816
hzos_system_sessionless:hzos_stats_max_config_count,4630288409235357696
hzos_system_sessionless:hzos_volumetric_mega_display_disabled,4630006934259957760
hzos_system_sessionless:hzos_vrui_keyguard_disabled,4630006934259826688
hzos_system_sessionless:hzos_wifi_auto_low_latency_enabled,4630006934261923840
hzos_system_sessionless:hzos_wifi_concurrent_local_and_internet,4630006934260416512
hzos_system_sessionless:hzos_wifi_local_and_internet,4630006934260350976
hzos_system_sessionless:hzos_wifi_make_before_break,4630006934258384896
hzos_system_sessionless:hzos_wifi_partial_initial_scan_enabled,6935849943476142080
hzos_system_sessionless:inauth_detection,4630006934260875264
hzos_system_sessionless:inauth_enforcement,4630006934260809728
hzos_system_sessionless:inauth_uninstall_auth_package,4630006934261006336
hzos_system_sessionless:launch_check_salsa_untrusted_binary_check_enabled,4630006934261661696
hzos_system_sessionless:low_battery_threshold,4630288409235816448
hzos_system_sessionless:migrated_activity_size_enabled,4630006934259499008
hzos_system_sessionless:multi_user_phone_profiles_mng_enable,4630006934258450432
hzos_system_sessionless:notification_format_flow_enabled,4630006934260219904
hzos_system_sessionless:oc_inauthenticity_enforcement,4630006934259367936
hzos_system_sessionless:oc_inauthenticity_enforcement_aosp,4630006934260678656
hzos_system_sessionless:oc_inauthenticity_enforcement_dialog,4630006934260744192
hzos_system_sessionless:oc_welcome_screen_hide_add_user_when_locked,4630006934259892224
hzos_system_sessionless:oculus_hzos_wifi_partial_initial_scan_enabled,6935849943476207616
hzos_system_sessionless:oculus_telemetry_modular_canonicals,4630006934260285440
hzos_system_sessionless:oculus_telemetry_notifier_queue_and_retry,4630006934259433472
hzos_system_sessionless:osconfig_memory_opt,4630006934258122752
hzos_system_sessionless:osconfig_retry_kill_delay_secs,4630288409234964480
hzos_system_sessionless:osconfig_retry_kill_max_attemps,4630288409234898944
hzos_system_sessionless:osconfig_sync_period_hours,4630288409235030016
hzos_system_sessionless:panel_app_loading_icon_enabled,6935849943477256192
hzos_system_sessionless:power_off_menu_redesign_enabled,4630006934260023296
hzos_system_sessionless:qe_consumer_pha_detection,4630006934259302400
hzos_system_sessionless:rescue_party_packages_allowlist,4630569884212133888
hzos_system_sessionless:rescue_party_use_packages_allowlist,4630006934258778112
hzos_system_sessionless:shutdown_activity_hide_learn_more,4630006934257467392
hzos_system_sessionless:synchronous_activity_launch_enabled,4630006934261071872
hzos_system_sessionless:test_mdc_to_adc_sync_serbanu,4630006934257336320
hzos_system_sessionless:vr_bt_improvements,4630006934262906880
hzos_system_sessionless:vros_display_evo_enabled,4630006934261792768
hzos_system_sessionless:vrshell_resource_protection,4630006934257598464
hzos_university_codelab_sessionless:codelab_led_color_btham,4630286842645643264
hzos_university_codelab_sessionless:codelab_led_color_deanwsmith,4630286842645118976
hzos_university_codelab_sessionless:codelab_led_color_ebold,4630286842644725760
hzos_university_codelab_sessionless:codelab_led_color_habo,4630286842644791296
hzos_university_codelab_sessionless:codelab_led_color_jorlow,4630286842644922368
hzos_university_codelab_sessionless:codelab_led_color_khale1004,4630286842645381120
hzos_university_codelab_sessionless:codelab_led_color_khushalmodi,4630286842645512192
hzos_university_codelab_sessionless:codelab_led_color_ruslash,4630286842645708800
hzos_university_codelab_sessionless:codelab_led_color_sergeyn,4630286842645315584
hzos_university_codelab_sessionless:codelab_led_color_simonramage,4630286842645577728
hzos_university_codelab_sessionless:enable_led_feature,4630005367667949568
hzos_vendor_native:dont_balance_anon_file_reclaim,4630006930768396288
hzos_vendor_native:enable_tracking_service_min_memory_bytes,4630006930767675392
hzos_vendor_native:htp_dcvs_config,4630569880722604032
hzos_vendor_native:hzos_ext_enforce_rt,4630006930768920576
hzos_vendor_native:hzos_ext_mem_haircut,4630288405745958912
hzos_vendor_native:hzos_ext_srq_idle,4630006930768855040
hzos_vendor_native:hzos_xr_controller_tal,4630006930768986112
hzos_vendor_native:kswapd_boost_factor,4630288405744517120
hzos_vendor_native:kswapd_extra_kbytes,4630288405744582656
hzos_vendor_native:kswapd_scale_factor,4630288405744648192
hzos_vendor_native:oculus_emulated_gamepad,4630006930769051648
hzos_vendor_native:oculus_emulated_gamepad_kill_switch,4630006930769641472
hzos_vendor_native:oculus_hybrid_hand_controller_transition,4630006930769575936
hzos_vendor_native:perfstream_battery_events_enabled,6935849939983204352
hzos_vendor_native:sched_swqueue_on_yield,4630006930768789504
hzos_vendor_native:sensor_service_startup_memory_reclaim_bytes,4630288405746024448
hzos_vendor_native:sensorservice_imu_skip_count,4630288405746089984
hzos_vendor_native:tracking_service_min_memory_bytes,4630288405744451584
hzos_vendor_native:use_zswap,4630006930768003072
hzos_vendor_native:zram_comp_algorithm,4630569880722866176
hzos_vendor_native:zswap_accept_threshold_percent,4630288405745238016
hzos_vendor_native:zswap_compressor,4630569880721883136
hzos_vendor_native:zswap_flash_file_size,4630288405744779264
hzos_vendor_native:zswap_max_pool_pct,4630288405744844800
hzos_vendor_native:zswap_zpool,4630569880722014208
lmkd_native:critical,4630288914698207232
lmkd_native:critical_upgrade,4630007439721234432
lmkd_native:downgrade_pressure,4630288914698403840
lmkd_native:kill_heaviest_task,4630007439721299968
lmkd_native:kill_timeout_ms,4630288914698534912
lmkd_native:low,4630288914698338304
lmkd_native:medium,4630288914698272768
lmkd_native:psi_complete_stall_ms,4630288914698600448
lmkd_native:psi_partial_stall_ms,4630288914698665984
lmkd_native:stall_limit_critical,4630288914698731520
lmkd_native:swap_free_low_percentage,4630288914698797056
lmkd_native:swap_util_max,4630288914698862592
lmkd_native:thrashing_limit,4630288914698928128
lmkd_native:thrashing_limit_critical,4630288914698993664
lmkd_native:thrashing_limit_decay,4630288914699059200
lmkd_native:upgrade_pressure,4630288914698469376
lmkd_native:use_minfree_levels,4630007439721365504
lmkd_native:use_new_strategy,6935850448936108032
lmkd_native:use_psi,6935850448935124992
mcs_e2e_testing_config:bool1,6935838469197398016
mcs_e2e_testing_config:bool2,4629995459983769600
mcs_e2e_testing_config:double1,4630839884913967104
mcs_e2e_testing_config:double2,4630839884914032640
mcs_e2e_testing_config:int1,4630276934960676864
mcs_e2e_testing_config:int2,4630276934960742400
mcs_e2e_testing_config:string1,4630558409937518592
mcs_e2e_testing_config:string2,4630558409937649664
mcs_sessionless_config:api_2_consistency_logging_sample_rate,4630839913100410880
mcs_sessionless_config:enable_api_one_consistency_logging,4629995488169426944
mcs_sessionless_config:enable_emergency_push,4629995488170344448
mcs_sessionless_config:force_config_table_upgrades,6935838497383841792
mcs_sessionless_config:params_map_comparison_job_delay_millis,4630276963146596352
mcs_sessionless_config:run_params_map_comparison_job,4629995488169951232
mcs_sessionless_config:should_reinitialize_managers,4629995488170016768
mcs_sessionless_config:try_use_single_params_map,4629995488169754624
mcs_sessionless_config:use_safe_init,4629995488170213376
mdcc_needle_check:boolean_1,4630003255618568192
mdcc_needle_check:boolean_1_false,6935846264832524288
mdcc_needle_check:boolean_2,4630003255618633728
mdcc_needle_check:boolean_2_false,6935846264832589824
mdcc_needle_check:boolean_3,4630003255618699264
mdcc_needle_check:boolean_4,4630003255618764800
mdcc_needle_check:double_1,4630847680547913728
mdcc_needle_check:double_2,4630847680548044800
mdcc_needle_check:double_3,4630847680548175872
mdcc_needle_check:double_4,4630847680548306944
mdcc_needle_check:long_1,4630284730595016704
mdcc_needle_check:long_2,4630284730595082240
mdcc_needle_check:long_3,4630284730595147776
mdcc_needle_check:long_4,4630284730595213312
mdcc_needle_check:string_1,4630566205571268608
mdcc_needle_check:string_2,4630566205571399680
mdcc_needle_check:string_3,4630566205571530752
mdcc_needle_check:string_4,4630566205571661824
media_native:render_metrics_enabled,4630005684421787648
media_native:tracked_error_code,4630287159398563840
media_native:use_ui_base_gralloc,4630005684421918720
mr_service_native:oculus_mr_occlusion_link_use_service_depth_api,4630006933452095488
mr_service_native:oculus_ptol_rendered_on_hmd,6935849942665723904
mr_service_sessionless:scene_ebad_enable_objects_surfaces_metrics,4630006933720465408
mr_service_sessionless:scene_ebad_object_surfaces_metrics_scan_end_only,4630006933720530944
ocms_installer_sessionless:install_nux_blocking_apps_in_foreground,4630008021152497664
ocms_installer_sessionless:ocms_enable_installer_singleuser_dedupe,4630008021152432128
ocms_sessionless_config:entitlement_channel_system_enabled,4629998060049530880
ocms_sessionless_config:entitlement_v2_device_setup_enabled,4629998060049661952
ocms_sessionless_config:entitlement_v2_device_setup_enabled_v64,4629998060049858560
ocms_sessionless_config:entitlement_v2_is_logged_in_check_delay_seconds,4630279535026700288
ocms_sessionless_config:entitlement_v2_q4b_resume_remote_config_after_reboot,6935841069263618048
ocms_sessionless_config:high_priority_categories,4630561010004721664
ocms_sessionless_config:hms_3p_mdm_support_in_ocms,4629998060051234816
ocms_sessionless_config:installer_fsync_page_cache_writes,4629998060051693568
ocms_sessionless_config:installer_q4b_reboot_resume_enabled,6935841069263486976
ocms_sessionless_config:installer_use_direct_io,4629998060051431424
ocms_sessionless_config:installer2_q4b_oc_cdn_auth_enabled,4629998060049596416
ocms_sessionless_config:ocms_image_cache_for_sideloaded_apps,4629998060051365888
ocms_sessionless_config:unused_param_to_regen_hash,4629998060049727488
oculus_default_app_installs:new_default_app_min_space_requirement,4630290287745433600
oculus_default_app_installs:nux_blocking_app_install_max_attempts,4630290287745302528
oculus_default_app_installs:nux_blocking_app_install_retry_seconds_table,4630571762722078720
oculus_deviceconfig_service_sessionless:disable_saved_packages_verification_job,4630000638104502272
oculus_deviceconfig_service_sessionless:enable_service_side_push,4630000638103650304
oculus_deviceconfig_service_sessionless:ep_idle_duration_to_reboot_minutes,4630282113081016320
oculus_deviceconfig_service_sessionless:limit_service_side_push_packages,6935843647317409792
oculus_deviceconfig_service_sessionless:saved_packages_verification_job_initial_delay_secs,4630282113081081856
oculus_deviceconfig_service_sessionless:saved_packages_verification_job_periodic_delay_secs,4630282113081147392
oculus_deviceconfig_service_sessionless:service_side_push_priority_packages,4630563588057202688
oculus_deviceconfig_service_sessionless:should_include_ota_version,4630000638104174592
oculus_first_time_nux_sessionless:enable_apps_force_stop_for_relogin,4629992633359269888
oculus_first_time_nux_sessionless:enable_frl,4629992633358352384
oculus_first_time_nux_sessionless:enable_frl_device_code,4629992633358745600
oculus_first_time_nux_sessionless:enable_frl_force_logout_relogin,4629992633359007744
oculus_first_time_nux_sessionless:enable_managed_meta_account,6935835642573094912
oculus_first_time_nux_sessionless:enable_managed_meta_account_internal_users,4629992633360121856
oculus_first_time_nux_sessionless:enable_q4b_closed_beta_3,4629992633359073280
oculus_first_time_nux_sessionless:enable_q4b_device_access_token,4629992633359335424
oculus_first_time_nux_sessionless:enable_q4b_open_beta,6935835642572374016
oculus_first_time_nux_sessionless:enable_q4b_open_beta_persist_token,4629992633358876672
oculus_first_time_nux_sessionless:enable_q4b_sso_endpoint_for_work_vrprofile,4629992633360252928
oculus_first_time_nux_sessionless:enable_salsa,4629992633359204352
oculus_first_time_nux_sessionless:enable_wait_for_deviceconfig,4629992633360580608
oculus_first_time_nux_sessionless:enable_wp,4629992633358417920
oculus_first_time_nux_sessionless:enabled_panther_d0_nux,4629992633360711680
oculus_first_time_nux_sessionless:local_account_feature_mc_enabled,4629992633358483456
oculus_first_time_nux_sessionless:mu_qr_code_login,4629992633361498112
oculus_first_time_nux_sessionless:oculus_blocking_relogin,4629992633360187392
oculus_first_time_nux_sessionless:oculus_company_control_on_device_settings,6935835642573422592
oculus_first_time_nux_sessionless:oculus_settings_mma_add_account,6935835642573160448
oculus_first_time_nux_sessionless:oculus_simple_device_code_screen,4629992633360384000
oculus_first_time_nux_sessionless:q4b_meta_device_pairing_url,4630555583312560128
oculus_first_time_nux_sessionless:q4b_nux_shared_mode_reboot_countdown_ms,4630274108337160192
oculus_first_time_nux_sessionless:wait_for_deviceconfig_timeout_ms,4630274108337356800
oculus_first_time_nux_sessionless:wifi_connection_update_ms_timeout,4630274108336701440
oculus_horizon_sessionless:threshold_for_logging_scheduled_jobs_horizonapk,4630292484352638976
oculus_journeys_and_framework_settings_experiments:oculus_controller_pairing_settings_entry_point,4630000846141128704
oculus_multiuser:enable_web_based_secondary_user_gk,6935844264182022144
oculus_multiuser:oc_multi_user_guest_user_enabled,4630001254968721408
oculus_multiuser:oc_sessionless_secondary_user_tw_support,4630001254968590336
oculus_multiuser:oc_sessionless_welcome_screen_enabled,4630001254968786944
oculus_multiuser:oculus_enable_lockscreen_with_user_switcher_ui,4630001254968393728
oculus_privacy_experiences_sessionless:oc_selected_media_access,4630008802568044544
oculus_q4b_kiosk_home_release_sessionless:kiosk_home_auto_updater_enabled,6935842449021992960
oculus_q4b_kiosk_home_release_sessionless:kiosk_home_default_app_version,4630562389761196032
oculus_q4b_kiosk_home_release_sessionless:kiosk_home_dev_enabled,4629999439808102400
oculus_q4b_kiosk_home_release_sessionless:kiosk_home_dev_package,4630562389761392640
oculus_q4b_kiosk_home_release_sessionless:kiosk_home_install_package,4630562389761261568
oculus_q4b_kiosk_home_release_sessionless:kiosk_home_rollout_enabled,4629999439808036864
oculus_q4b_kiosk_home_release_sessionless:kiosk_home_rollout_package,4630562389761327104
oculus_q4b_kiosk_home_release_sessionless:kiosk_home_single_app_mode_enabled,4629999439808233472
oculus_q4b_kiosk_home_release_sessionless:kiosk_home_stub_version,4630562389761589248
oculus_q4b_sessionless:admin_initiated_casting_enabled,4629992991991660544
oculus_q4b_sessionless:aosp_device_logs,4629992991993757696
oculus_q4b_sessionless:app_backup_enabled,4629992991989694464
oculus_q4b_sessionless:app_library_as_home_for_q4b,4629992991988711424
oculus_q4b_sessionless:app_store_launch_restricted_learn_more_link,4630555941942394880
oculus_q4b_sessionless:appstore_access_control_enabled,6935836001202274304
oculus_q4b_sessionless:force_update_system_enabled,4629992991993233408
oculus_q4b_sessionless:frl_q4b_quarantine_device,4629992991988514816
oculus_q4b_sessionless:hms_device_dlp_mvp,4629992991993495552
oculus_q4b_sessionless:hms_device_managed_browser,4629992991993626624
oculus_q4b_sessionless:hms_device_oc_universe_anduril_v1,4629992991993823232
oculus_q4b_sessionless:hms_disable_non_essential_telemetry,4629992991993561088
oculus_q4b_sessionless:hms_launch_checks_migration_enabled,4629992991994675200
oculus_q4b_sessionless:hms_managed_default_experience_m3,4629992991994150912
oculus_q4b_sessionless:hms_offline_vpn_enabled,4629992991993954304
oculus_q4b_sessionless:hms_span_enabled,4629992991993298944
oculus_q4b_sessionless:horizon_system_update_enabled,4629992991993167872
oculus_q4b_sessionless:hw_fbns_standalone,4629992991991857152
oculus_q4b_sessionless:kiosk_extended_inactivity_timeout,4629992991991332864
oculus_q4b_sessionless:kiosk_home_dev_enabled,4629992991989432320
oculus_q4b_sessionless:kiosk_home_dev_package,4630555941942919168
oculus_q4b_sessionless:kiosk_home_install_package,4630555941942525952
oculus_q4b_sessionless:kiosk_home_rollout_enabled,4629992991989301248
oculus_q4b_sessionless:kiosk_home_rollout_package,4630555941942657024
oculus_q4b_sessionless:kiosk_home_stub_version,4630555941942984704
oculus_q4b_sessionless:kiosk_nux_v2_enabled,6935836001203453952
oculus_q4b_sessionless:kiosk_nux_v3_enabled,4629992991990153216
oculus_q4b_sessionless:legacy_xr_set_default_application,6935836001206140928
oculus_q4b_sessionless:mdm_device_config_managed_apps_enabled,4629992991989956608
oculus_q4b_sessionless:mdm_mixed_mode_enabled,4629992991988449280
oculus_q4b_sessionless:mma_controls_cache_enabled,6935836001207582720
oculus_q4b_sessionless:oemconfig_based_mac_randomization_enabled,4629992991991005184
oculus_q4b_sessionless:oemconfig_based_notifications_enabled,4629992991990218752
oculus_q4b_sessionless:oemconfig_fbns_enabled,4629992991991595008
oculus_q4b_sessionless:oemconfig_integration,6935836001206272000
oculus_q4b_sessionless:oemconfig_reboot_delay_ms,4630274466971058176
oculus_q4b_sessionless:offline_privacy_pages_bundle_url,4630555941945671680
oculus_q4b_sessionless:offline_privacy_pages_enabled,4629992991992119296
oculus_q4b_sessionless:platform_attestation_enabled,4629992991988645888
oculus_q4b_sessionless:q4b_3p_store_apps_unblock,4629992991992971264
oculus_q4b_sessionless:q4b_3pm_session_timeout_v2,4629992991992840192
oculus_q4b_sessionless:q4b_3psm_launch_mini_nux_on_end_enabled,4629992991992709120
oculus_q4b_sessionless:q4b_3psm_session_timeout,4629992991992315904
oculus_q4b_sessionless:q4b_default_ve_uninstall_disabled,6935836001204568064
oculus_q4b_sessionless:q4b_device_1p_password_complexity,4629992991990546432
oculus_q4b_sessionless:q4b_device_shared_mode_remote_end_session,4629992991990677504
oculus_q4b_sessionless:q4b_disable_meta_ai,4629992991990939648
oculus_q4b_sessionless:q4b_dont_use_all_ca_certs_for_wifi,4629992991994019840
oculus_q4b_sessionless:q4b_file_management,4629992991991726080
oculus_q4b_sessionless:q4b_file_management_retry_server_error,4629992991992512512
oculus_q4b_sessionless:q4b_lca_admin_config_enabled,4629992991990022144
oculus_q4b_sessionless:q4b_max_time_to_lock,4629992991991136256
oculus_q4b_sessionless:q4b_meta_ai_admin_control,4629992991991070720
oculus_q4b_sessionless:q4b_nux_skip_reboot,4629992991990415360
oculus_q4b_sessionless:q4b_policy_device,4629992991991463936
oculus_q4b_sessionless:q4b_remote_launch,4629992991992774656
oculus_q4b_sessionless:q4b_shared_mode_evolution,4629992991990480896
oculus_q4b_sessionless:q4b_sm_media_exclusion,4629992991993692160
oculus_q4b_sessionless:q4b_ve_oemconfig_mitigation,6935836001207975936
oculus_q4b_sessionless:q4b_xr_account_removal_allowlist,4629992991992184832
oculus_q4b_sessionless:required_apps_post_ota_blocking_updates_enabled,4629992991990611968
oculus_q4b_sessionless:required_apps_processing_timeout_millis,4630274466967519232
oculus_q4b_sessionless:rsys_disable_video_subscriptions_q4b,4629992991992053760
oculus_q4b_sessionless:shared_mode_guardian_integrated,4629992991991398400
oculus_q4b_sessionless:should_dismiss_post_ota_dialog_on_error,6935836001208238080
oculus_q4b_sessionless:social_platform_control_enabled,6935836001202470912
oculus_q4b_sessionless:social_restricted_learn_more_link,4630555941942460416
oculus_q4b_sessionless:stylus_settings_enabled,4629992991994216448
oculus_q4b_sessionless:telemetry_enabled,4629992991988383744
oculus_q4b_sessionless:workrooms_mma_block_enabled,6935836001203322880
oculus_q4b_shared_mode_features:activity_migration_enabled,4630000566433021952
oculus_q4b_shared_mode_features:aosp_screen_refactor_enabled,4630000566431842304
oculus_q4b_shared_mode_features:app_collections_enabled,4630000566432628736
oculus_q4b_shared_mode_features:bluetooth_accessibility_enabled,4630000566431580160
oculus_q4b_shared_mode_features:browser_app_visible,4630000566431973376
oculus_q4b_shared_mode_features:casting_enabled,4630000566431514624
oculus_q4b_shared_mode_features:controller_free_enabled,4630000566431776768
oculus_q4b_shared_mode_features:controller_free_enabled_by_default,6935843575647109120
oculus_q4b_shared_mode_features:custom_settings_enabled,4630000566431449088
oculus_q4b_shared_mode_features:device_in_shared_mode_mini_nux_notif_disabled,4630000566432104448
oculus_q4b_shared_mode_features:files_manager_enabled_3pmdm,4630000566433218560
oculus_q4b_shared_mode_features:flight_mode_enabled,4630000566431645696
oculus_q4b_shared_mode_features:flight_mode_stationary_boundary_enabled,4630000566431907840
oculus_q4b_shared_mode_features:full_passthrough_feature_enabled,4630000566434004992
oculus_q4b_shared_mode_features:hide_end_session_button,4630000566434201600
oculus_q4b_shared_mode_features:hide_eye_tracking_for_shared_mode_enabled,4630000566433153024
oculus_q4b_shared_mode_features:hms_navigator_enabled,4630000566434136064
oculus_q4b_shared_mode_features:hms_remove_legal_notices_from_sm_identityless,4630000566434398208
oculus_q4b_shared_mode_features:hms_shared_mode_login_mira,4630000566433808384
oculus_q4b_shared_mode_features:hms_span_enabled,4630000566434070528
oculus_q4b_shared_mode_features:kiosk_dui_enabled,4630000566431383552
oculus_q4b_shared_mode_features:link_enabled,4630000566432366592
oculus_q4b_shared_mode_features:mini_nux_no_hops,4630000566434267136
oculus_q4b_shared_mode_features:no_internet_shared_mode_enabled,4630000566433087488
oculus_q4b_shared_mode_features:passcode_ui_standardization_enabled,6935843575647436800
oculus_q4b_shared_mode_features:passthrough_enabled_by_default,4630000566431711232
oculus_q4b_shared_mode_features:passthrough_enabled_by_default_ga,6935843575647174656
oculus_q4b_shared_mode_features:platformized_telemetry_enabled,4630000566432825344
oculus_q4b_shared_mode_features:q4b_additional_locked_settings,6935843575647567872
oculus_q4b_shared_mode_features:q4b_files_manager_enabled,4630000566432563200
oculus_q4b_shared_mode_features:q4b_horizon_os_rebrand_day30,4630000566432169984
oculus_q4b_shared_mode_features:q4b_quest_link_locked_setting,4630000566433939456
oculus_q4b_shared_mode_features:q4b_settings_merge_enabled,6935843575646191616
oculus_q4b_shared_mode_features:q4b_shared_mode_app_icon_caching_enabled,4630000566432038912
oculus_q4b_shared_mode_features:q4b_theme_setting_enabled,4630000566432956416
oculus_q4b_shared_mode_features:remove_session_reboot,4630000566432759808
oculus_q4b_shared_mode_features:session_inactivity_control_enabled,4630000566433546240
oculus_q4b_shared_mode_features:single_page_consents_enabled,6935843575647305728
oculus_q4b_shared_mode_features:stationary_boundary_enabled_by_default,6935843575647043584
oculus_q4b_shared_mode_features:toast_notification_disabled,6935843575645995008
oculus_q4b_shared_mode_features:uniform_identity_warning_msg_compatible_with_mde,4630000566433284096
oculus_q4b:q4b_mdm_mixed_mode,4629996729146540032
oculus_settings_sessionless:enable_security_setting_style_and_name_changes,4630005784548540416
oculus_settings_sessionless:oculus_bioauth_ui_feature_enabled,4630005784548278272
oculus_settings_sessionless:security_settings_quality_improvements,4630005784548474880
oculus_settings_sessionless:security_settings_without_device_lock_toggle,4630005784548409344
oculus_settings_sessionless:settings_remove_saved_password,4630005784548671488
oculus_settings_sessionless:settings_warn_about_saved_credentials_on_passcode_removal,4630005784548737024
oculus_shared_deviceconfig_sessionless:aidl_async_fetch_delay_millis,4630279648845430784
oculus_shared_deviceconfig_sessionless:async_fetch_delay_millis,4630279648844382208
oculus_shared_deviceconfig_sessionless:change_safety_test_event_log_delay_millis,4630279648845955072
oculus_shared_deviceconfig_sessionless:change_safety_test_event_log_delay_millis_v2,4630279648846413824
oculus_shared_deviceconfig_sessionless:client_cache_v2,4629998173867474944
oculus_shared_deviceconfig_sessionless:client_cache_v2_allowlist,4630561123820830720
oculus_shared_deviceconfig_sessionless:client_cache_v2_packages,4630561123820306432
oculus_shared_deviceconfig_sessionless:disable_v4_params_map,4629998173869965312
oculus_shared_deviceconfig_sessionless:enable_client_cache_v2,4629998173867278336
oculus_shared_deviceconfig_sessionless:enable_sync_fetch_on_init,4629998173867540480
oculus_shared_deviceconfig_sessionless:fetch_batch_delay_millis,4630279648844644352
oculus_shared_deviceconfig_sessionless:inline_config_registration,6935841183083593728
oculus_shared_deviceconfig_sessionless:is_employee,4629998173869441024
oculus_shared_deviceconfig_sessionless:limit_client_cache_v2_packages,6935841183080513536
oculus_shared_deviceconfig_sessionless:limit_client_cache_v2_to_allowlist,6935841183081037824
oculus_shared_deviceconfig_sessionless:limit_no_params_map_subscribe_to_allowlist,6935841183081758720
oculus_shared_deviceconfig_sessionless:limit_react_native_ota_packages,6935841183080316928
oculus_shared_deviceconfig_sessionless:limit_use_aidl_for_config_change_notifications_to_allowlist,4629998173868654592
oculus_shared_deviceconfig_sessionless:limit_use_consistent_api_to_allowlist,6935841183082610688
oculus_shared_deviceconfig_sessionless:log_canary_exposures_sync,4629998173869113344
oculus_shared_deviceconfig_sessionless:log_change_safety_test_event_with_low_latency,4629998173869375488
oculus_shared_deviceconfig_sessionless:log_change_safety_test_event_with_low_latency_v2,4629998173869572096
oculus_shared_deviceconfig_sessionless:logging_rate_freshness,4630842598796689408
oculus_shared_deviceconfig_sessionless:max_fetch_batch_size,4630279648844578816
oculus_shared_deviceconfig_sessionless:no_params_map_subscribe,4629998173867999232
oculus_shared_deviceconfig_sessionless:no_params_map_subscribe_allowlist,4630561123821551616
oculus_shared_deviceconfig_sessionless:should_get_device_api_wait_only_for_service_connection,4629998173869506560
oculus_shared_deviceconfig_sessionless:should_log_change_safety_test_event,4629998173869309952
oculus_shared_deviceconfig_sessionless:should_log_change_safety_test_event_v2,4629998173869637632
oculus_shared_deviceconfig_sessionless:should_run_mdcc_needle_check,4629998173868785664
oculus_shared_deviceconfig_sessionless:sync_fetch_package_blocklist,4630561123821027328
oculus_shared_deviceconfig_sessionless:time_since_device_boot_millis_for_sync_fetch,4630279648844447744
oculus_shared_deviceconfig_sessionless:use_aidl_for_config_change_notifications,6935841183082217472
oculus_shared_deviceconfig_sessionless:use_aidl_for_config_change_notifications_allowlist,4630561123822010368
oculus_shared_deviceconfig_sessionless:use_consistent_api,4629998173868982272
oculus_shared_deviceconfig_sessionless:use_consistent_api_allowlist,4630561123822272512
oculus_shared_os_services_sessionless:arvr_gk_nimble_disable_emm,4629996857467404288
oculus_shared_os_services_sessionless:arvr_gk_nimble_fast_acquisition,4629996857474547712
oculus_shared_os_services_sessionless:arvr_gk_nimble_iobt_v81,4629996857473236992
oculus_shared_os_services_sessionless:arvr_gk_nimble_low_drop_threshold,4629996857468321792
oculus_shared_os_services_sessionless:arvr_gk_nimble_new_runtime_upsampler,4629996857473368064
oculus_shared_os_services_sessionless:arvr_gk_nimble_pinch_release_occlusion_offset,4629996857473433600
oculus_shared_os_services_sessionless:arvr_gk_nimble_use_statsd_telemetry,4629996857467273216
oculus_shared_os_services_sessionless:arvr_gk_nimble_use_statsd_telemetry_iobt,4629996857467338752
oculus_shared_os_services_sessionless:arvr_gk_nimble_use_velocity_extrapolator_for_emm,4629996857467207680
oculus_shared_os_services_sessionless:arvr_gk_nimble_v78,4629996857463799808
oculus_shared_os_services_sessionless:arvr_gk_nimble_v81_models,4629996857473302528
oculus_shared_os_services_sessionless:arvr_gk_ofi_enable_phones,4629996857464586240
oculus_shared_os_services_sessionless:captionservice_use_corrected_timestamps,4629996857475203072
oculus_shared_os_services_sessionless:cloud_backup_launch_check_enabled,4629996857469566976
oculus_shared_os_services_sessionless:crcs_devchoice,4629996857468649472
oculus_shared_os_services_sessionless:crcs_dynamic_battery_saver_target_watts,4630841282399371264
oculus_shared_os_services_sessionless:crcs_enable_dynamic_battery_saver,4629996857469173760
oculus_shared_os_services_sessionless:crcs_gpu_dvfs_allowlist,4630559807423250432
oculus_shared_os_services_sessionless:crcs_mr_quest3_upclock,4629996857469370368
oculus_shared_os_services_sessionless:crcs_offline_cpus_during_suspend,4629996857470025728
oculus_shared_os_services_sessionless:crcs_power_mitigations,4630559807422464000
oculus_shared_os_services_sessionless:crcs_system_modes,6935839866676183040
oculus_shared_os_services_sessionless:crcs_unpin_all_cores_app_allowlist,4630559807422398464
oculus_shared_os_services_sessionless:crcs_xr2g1_prime_core_app_allowlist,4630559807422332928
oculus_shared_os_services_sessionless:gk_appsafety_accounts_helper_new_auth_tokens,6935839866680442880
oculus_shared_os_services_sessionless:gk_consumer_pha_service_aosp,4629996857459933184
oculus_shared_os_services_sessionless:hzos_a14_mediaprojection_enabled,4629996857461768192
oculus_shared_os_services_sessionless:hzos_app_launch_log_transition_aborts,4629996857460391936
oculus_shared_os_services_sessionless:hzos_connectivity_probe,4629996857464651776
oculus_shared_os_services_sessionless:hzos_crcs_volumetric_window_resource_mgr_enable_window_fps,4629996857466421248
oculus_shared_os_services_sessionless:hzos_gaze_scene_understanding,4629996857465634816
oculus_shared_os_services_sessionless:hzos_picture_in_picture_enabled,4629996857464193024
oculus_shared_os_services_sessionless:hzos_security_zygote_partitioning_policy,4630559807419645952
oculus_shared_os_services_sessionless:hzos_set_acoustics_enabled,4629996857459998720
oculus_shared_os_services_sessionless:hzos_volumetric_persistence_enabled,4629996857460850688
oculus_shared_os_services_sessionless:hzos_volumetric_secure_layer_enabled,4629996857462030336
oculus_shared_os_services_sessionless:hzos_wifi_telemetry_research,4629996857460523008
oculus_shared_os_services_sessionless:managed_meta_account_internal_users,4629996857458950144
oculus_shared_os_services_sessionless:mhos_wifi_on_during_doze,4629996857459343360
oculus_shared_os_services_sessionless:oc_bug_reporter_worlds,4629996857475268608
oculus_shared_os_services_sessionless:oculus_anchor_smoother_additional_translational_offset_per_meter_m,4630841282396946432
oculus_shared_os_services_sessionless:oculus_anchor_smoother_angular_speed_dead_zone_rad_s,4630841282400288768
oculus_shared_os_services_sessionless:oculus_anchor_smoother_linear_speed_dead_zone_m_s,4630841282400354304
oculus_shared_os_services_sessionless:oculus_anchor_smoother_max_angular_offset_rad,4630841282400419840
oculus_shared_os_services_sessionless:oculus_anchor_smoother_max_pullback_rotation_rad,4630841282400485376
oculus_shared_os_services_sessionless:oculus_anchor_smoother_max_pullback_translation_m,4630841282400550912
oculus_shared_os_services_sessionless:oculus_anchor_smoother_max_translation_offset_m,4630841282400616448
oculus_shared_os_services_sessionless:oculus_arvr_system_state_event,4629996857461178368
oculus_shared_os_services_sessionless:oculus_attitude_filter_type,4630278332446670848
oculus_shared_os_services_sessionless:oculus_bioauth_ui_feature_enabled,4629996857474678784
oculus_shared_os_services_sessionless:oculus_bug_reporter_controller_hints,4629996857461964800
oculus_shared_os_services_sessionless:oculus_bug_reporter_controller_thumbstick,4629996857460457472
oculus_shared_os_services_sessionless:oculus_compositor_space_manager,4629996857476055040
oculus_shared_os_services_sessionless:oculus_cv_aec_tuning_preset_index,4630278332445425664
oculus_shared_os_services_sessionless:oculus_deprecate_device_model_override,4629996857463275520
oculus_shared_os_services_sessionless:oculus_enable_app_freezer,4629996857461702656
oculus_shared_os_services_sessionless:oculus_enable_si_aec_for_gtk_slot,4629996857463668736
oculus_shared_os_services_sessionless:oculus_enable_si_aec_for_ht_muxmode,4629996857463603200
oculus_shared_os_services_sessionless:oculus_enable_si_aec_for_iot_slot,4629996857463537664
oculus_shared_os_services_sessionless:oculus_ft_proxy_audio_provider_killsw,4629996857467011072
oculus_shared_os_services_sessionless:oculus_lockscreen_migrate_to_vwr,4629996857460719616
oculus_shared_os_services_sessionless:oculus_mobile_perfstream_gpu_metric,4629996857475792896
oculus_shared_os_services_sessionless:oculus_mobile_perfstream_gpu_metric_sample_rate_ms,4630278332452569088
oculus_shared_os_services_sessionless:oculus_mobile_perfstream_gpu_significance_threshold,4630841282406055936
oculus_shared_os_services_sessionless:oculus_mobile_pflog_app_filter_enabled,4629996857473040384
oculus_shared_os_services_sessionless:oculus_mobile_pflog_logging_always_on,4629996857473171456
oculus_shared_os_services_sessionless:oculus_mobile_pflog_target_app_names,4630559807426527232
oculus_shared_os_services_sessionless:oculus_mobile_telemetry_log_train_version,4629996857464979456
oculus_shared_os_services_sessionless:oculus_mr_passthrough_v3_ab,4629996857465110528
oculus_shared_os_services_sessionless:oculus_mr_passthrough_v3_universe,4629996857465176064
oculus_shared_os_services_sessionless:oculus_no_focused_window_anr_timeout_ms,4630278332439003136
oculus_shared_os_services_sessionless:oculus_project_catapult_enabled,4629996857462095872
oculus_shared_os_services_sessionless:oculus_sessions_standalone_app,4629996857466486784
oculus_shared_os_services_sessionless:oculus_si_aec_saturation_weight_for_gtk_slot,4630841282394521600
oculus_shared_os_services_sessionless:oculus_si_aec_saturation_weight_for_ht_muxmode,4630841282394456064
oculus_shared_os_services_sessionless:oculus_si_aec_saturation_weight_for_iot_slot,4630841282394390528
oculus_shared_os_services_sessionless:oculus_telemetry_add_screenstate,6935839866676051968
oculus_shared_os_services_sessionless:oculus_telemetry_add_sensorlock,6935839866673823744
oculus_shared_os_services_sessionless:oculus_telemetry_curl_timeout_s,4630278332444770304
oculus_shared_os_services_sessionless:oculus_telemetry_dynamic_statsd_allowlist,4629996857465765888
oculus_shared_os_services_sessionless:oculus_telemetry_sessions_time_spent_pose_data,6935839866673954816
oculus_shared_os_services_sessionless:oculus_telemetry_sessions_time_spent_timeout,6935839866673561600
oculus_shared_os_services_sessionless:oculus_telemetry_statsd_collection_frequency,4630278332446146560
oculus_shared_os_services_sessionless:oculus_vros_pulsar_fw_update_attempt_delay,4629996857463472128
oculus_shared_os_services_sessionless:oculus_vwr_lifecycle_resource_optout,4630559807417155584
oculus_shared_os_services_sessionless:ot_detection_score_threshold,4630841282406383616
oculus_shared_os_services_sessionless:ot_enable_detection_frequency_change,4629996857473826816
oculus_shared_os_services_sessionless:ot_num_detections_with_high_frequency,4630278332450471936
oculus_shared_os_services_sessionless:ot_run_slow_detection_every_n_frames,4630278332450406400
oculus_shared_os_services_sessionless:package_integrity_roomsdb_killswitch,4629996857475727360
oculus_shared_os_services_sessionless:scene_ebad_enable_objects_surfaces_metrics,4629996857461833728
oculus_shared_os_services_sessionless:scene_ebad_object_surfaces_metrics_scan_end_only,4629996857461899264
oculus_shared_os_services_sessionless:single_panel_mediaprojection_blockedactivities,4630559807418990592
oculus_shared_os_services_sessionless:single_panel_mediaprojection_blocklist,4630559807417876480
oculus_shared_os_services_sessionless:skip_notification_permission_check,6935839866673233920
oculus_shared_os_services_sessionless:surface_keyboard_enable,4629996857465962496
oculus_shared_os_services_sessionless:sysprops_area_usage_event_threshold_bytes,4630278332442869760
oculus_shared_os_services_sessionless:sysprops_area_usage_reporting,4629996857466093568
oculus_shared_os_services_sessionless:vrdriver_use_hz_interstitial_cb,4629996857460916224
oculus_shared_os_services_sessionless:vrs_extended_interstitial_broadcast_enabled,4629996857460064256
oculus_shared_os_services_sessionless:xr_spc_advanced_dogfooding_enable,4629996857467142144
oculus_shared_os_services_sessionless:xr_spc_enable,6935839866676641792
oculus_shared_os_services_sessionless:xr_spc_package_allowlist,4630559807416434688
oculus_systemshell_experiments_sessionless:oculus_vrshell_shellstate_refactor,4630011549736501248
oculus_systemshell_sessionless:hms_disable_non_essential_telemetry,4629999622344540160
oculus_systemshell_sessionless:hms_launch_checks_migration_enabled,4629999622344802304
oculus_systemshell_sessionless:oculus_vrshell_core_quest_retaildemo,4629999622344015872
oculus_systemshell_sessionless:oculus_vrshell_shellstate_refactor,4629999622344736768
oculus_telemetry_sessionless:oculus_telemetry_cc_migration,4630007253695463424
oculus_telemetry_sessionless:oculus_telemetry_quota_default_per_process_bytes_per_minute,4630288728672305152
oculus_telemetry_sessionless:oculus_telemetry_quota_enable,4630007253695660032
oculus_telemetry_sessionless:oculus_telemetry_quota_enforced_processes_list,4630570203649146880
oculus_telemetry_sessionless:oculus_telemetry_quota_event_opt_out_list,4630570203649212416
oculus_telemetry_sessionless:oculus_telemetry_quota_override_map,4630570203649277952
oculus_telemetry_sessionless:oculus_telemetry_upload_budget_config,4630570203650195456
oculus_telemetry_sessionless:oculus_telemetry_upload_budget_event_priority_map,4630570203649540096
oculus_telemetry_sessionless:oscontrol_ondemand_remote_config_enabled,4630007253695528960
oculus_xrruntime_sessionless:arvr_gk_hand_tracking_valid_flags,4630004581153243136
oculus_xrruntime_sessionless:arvr_gk_nimble_v204,4630004581153308672
oculus_xrruntime_sessionless:arvr_gk_nimble_v85,4630004581152653312
oculus_xrruntime_sessionless:oculus_improved_hand_ipc_mobile,4630004581152980992
oculus_xrruntime_sessionless:oculus_java_render_models,4630004581152849920
oculus_xrruntime_sessionless:oculus_mobile_adjust_capsense_joint_orientations,4630004581152194560
oculus_xrruntime_sessionless:oculus_mobile_always_use_java_input_hooks,4630004581152325632
oculus_xrruntime_sessionless:oculus_mobile_enable_mg_middle_pinch,4630004581153112064
oculus_xrruntime_sessionless:oculus_mobile_enable_mg_middle_pinch_launch_meta_ai,4630004581153046528
oculus_xrruntime_sessionless:oculus_mobile_hands_usage_events_statsd_migration,4630004581152260096
oculus_xrruntime_sessionless:oculus_mobile_mg_2_0_enable_runtime_heuristic,4630004581152784384
oculus_xrruntime_sessionless:oculus_mobile_mg_2_0_use_thumb_wrist_distance,4630004581152718848
oculus_xrruntime_sessionless:threadtag_telemetry_background,4630004581152129024
oculus_xrruntime_sessionless:vrruntime_ext_conformance_automation_tier4,4630004581153505280
permissions:auto_revoke_check_frequency_millis,4630288711223934976
permissions:auto_revoke_unused_threshold_millis2,4630288711223869440
rl_consent_platform_sessionless:backoff_time_seconds,4630846385883709440
rl_consent_platform_sessionless:max_poll_duration_seconds,4630846385883840512
rl_consent_platform_sessionless:notification_interaction_worker_retry_count,4630846385884233728
rl_consent_platform_sessionless:notification_render_periodic_check_delay_seconds,4630846385884299264
rl_consent_platform_sessionless:notification_resurface_action_delay_ms,4630846385884168192
rl_consent_platform_sessionless:notification_toast_auto_dismiss_default_delay_seconds,4630846385884495872
rl_consent_platform_sessionless:nux_download_interval_seconds,4630846385883906048
rl_consent_platform_sessionless:on_boot_connectivity_restore_wait_interval_at_init_ms,4630846385884037120
rl_consent_platform_sessionless:on_boot_connectivity_restore_wait_interval_at_lost_ms,4630846385884102656
rl_consent_platform_sessionless:on_boot_max_new_intent_retry_count,4630283435931140096
rl_consent_platform_sessionless:on_boot_periodic_sync_request_interval_ms,4630846385883971584
sessionless_oculus_multiuser:oc_sessionless_disable_single_user_welcome_screen,4630003801078956032
sessionless_oculus_multiuser:oc_sessionless_welcome_screen_enabled,4630003801078759424
sessionless_oculus_multiuser:oc_usersync_hardware_api_enabled,4630003801078824960
slam_native:accel_bias_rw_density_override,4630851360538034176
slam_native:accel_bias_turnon_stdev,4630851360538296320
slam_native:adaptive_pixel_sigma_drop_thresh,4630851360537640960
slam_native:add_imu_edges_entire_map,4630006935608950784
slam_native:allow_keyframes_when_validating,4630006935602135040
slam_native:always_on_half_rate_tracking,6935849944817270784
slam_native:asad_hessian_reduction_max_variance,4630851360537837568
slam_native:asad_hessian_reduction_variance_rate,4630851360537772032
slam_native:asad_threshold,4630288410584743936
slam_native:ba_max_iterations,4630288410585989120
slam_native:ba_param_tolerance,4630851360539344896
slam_native:big_search_in_submap_validation,4630006935608098816
slam_native:blur_inflation_factor,4630851360537706496
slam_native:conditional_culling_absolute_thresh,4630288410576617472
slam_native:conditional_culling_min_krs_per_point,4630288410576683008
slam_native:conditional_culling_min_obs_per_point,4630288410576748544
slam_native:conditional_culling_relative_thresh,4630851360530235392
slam_native:consider_non_stereo_features_in_keyframing,4630006935602003968
slam_native:decide_keyframes_in_frontend,4630006935602069504
slam_native:drop_incompatible_s2ts,4630006935608360960
slam_native:drop_t2s_if_queue_not_empty,4630006935601938432
slam_native:enable_conditional_culling,4630006935600234496
slam_native:enable_display_ocal,4630006935605936128
slam_native:enable_motion_model,4630006935603511296
slam_native:enable_odd_even_chain,4630006935606263808
slam_native:enable_zncc_line_search,4630006935608754176
slam_native:extended_6dof_dead_reckoning,4630006935601020928
slam_native:fix_kr_after_num_ba,4630288410585858048
slam_native:fix_overopt_krs_before_points,4630006935608623104
slam_native:force_publish_s2t_for_new_kr,4630006935608426496
slam_native:frontend_use_current_frame_stats_in_keyframing,4630006935603052544
slam_native:gyro_accel_scale_turnon_stdev_override,4630851360538427392
slam_native:gyro_bias_rw_density_override,4630851360537968640
slam_native:gyro_bias_turnon_stdev,4630851360538361856
slam_native:half_rate_tracking_when_healthy,4630006935603642368
slam_native:idle_detect_percent_segments_needed,4630851360536526848
slam_native:idle_detect_rotation_threshold_deg,4630851360536461312
slam_native:keyframe_dist_square_m,4630851360532529152
slam_native:keyframe_every_frame_in_vim,4630006935603183616
slam_native:keyframe_when_no_kf_within_angle,4630006935603249152
slam_native:load_temp_bias_model_in_factory_fallback,6935849944820154368
slam_native:low_power_localization_aggressive,4630006935605084160
slam_native:low_power_localization_assertive,4630006935605411840
slam_native:low_power_localization_conservative,4630006935605149696
slam_native:low_power_localization_moderate,4630006935605215232
slam_native:map_inliers_to_increase_kf_distance,4630288410578911232
slam_native:mapper_l1_size,4630288410577010688
slam_native:mapper_lte_timeout_s,4630851360534364160
slam_native:marginalize_separately_per_l1,4630006935600365568
slam_native:match_failures_to_report_unmatched,4630288410583564288
slam_native:match_ratio_to_report_unmatched,4630851360536788992
slam_native:max_adaptive_pixel_sigma,4630851360537313280
slam_native:max_blur_to_skip_level,4630851360537903104
slam_native:max_duration_imu_edge_sec,4630851360532856832
slam_native:max_num_unmatched_points,4630288410583302144
slam_native:max_time_between_t2s,4630851360537247744
slam_native:min_adaptive_pixel_sigma_lvl0,4630851360537378816
slam_native:min_adaptive_pixel_sigma_lvl1,4630851360537444352
slam_native:min_adaptive_pixel_sigma_lvl2,4630851360537509888
slam_native:min_inliers_first_kf_after_reloc,4630288410579042304
slam_native:min_inliers_to_consider_unmatched,4630288410583498752
slam_native:min_observations_to_keyframe,4630288410578976768
slam_native:min_time_between_kfs,4630851360537182208
slam_native:min_time_good_frames_to_accept_tracking_validation,4630851360533446656
slam_native:min_vio_edge_gravity_stdev_dev,4630851360533053440
slam_native:min_vio_edge_position_stdev_m,4630851360532922368
slam_native:min_vio_edge_rot_stdev_deg,4630851360532987904
slam_native:motion_model_covariance_scale,4630851360534233088
slam_native:motion_model_force_accept,6935849944817991680
slam_native:motion_model_min_log_std_uncertainty,4630851360534167552
slam_native:motion_model_uncertainty_scale,4630851360534495232
slam_native:motion_model_use_displacement_norm_constraint_above_threshold,4630851360534560768
slam_native:new_track_ratio_keyframing,4630851360532594688
slam_native:non_vit_map_inlier_thresh,4630288410578255872
slam_native:num_extra_corners_selected,4630288410582712320
slam_native:num_krs_per_marginalization_factor,4630288410577207296
slam_native:num_map_points_to_drop_dupes,4630288410584678400
slam_native:num_optimized_l1s,4630288410585792512
slam_native:num_t2s_waiting_for_vit_result,4630288410579828736
slam_native:num_temporal_protected_krs_culling,4630288410586120192
slam_native:obs_to_consider_outlier_unmatched,4630288410583629824
slam_native:oculus_environment_type_decision_settings_version,4630288410581270528
slam_native:oculus_map_point_cov_inflation_factor,4630851360531218432
slam_native:oculus_map_point_distance_cov_inflation_factor,4630851360531283968
slam_native:oculus_map_point_pixel_stdev,4630851360531349504
slam_native:oculus_si_aec_for_iot_slot_opt_out,4630006935605805056
slam_native:oculus_throttled_vps,4630006935599841280
slam_native:oculus_vio_min_slam_features_to_use_pnp_for_mahal_to_pred,4630288410581336064
slam_native:oculus_vio_submap_constraints_weight,4630851360531415040
slam_native:oculus_vit_inlier_thresh,4630288410578059264
slam_native:only_consider_stable_tracks_for_keyframing,4630006935606984704
slam_native:only_move_one_kr_to_existing_l1,4630006935600627712
slam_native:optimize_only_loaded_l1s,4630006935609016320
slam_native:outlier_ratio_unmatched,4630851360536854528
slam_native:schmidt_close_feature_threshold,4630851360536199168
slam_native:schmidt_threshold_rotation_estimation,4630288410582908928
slam_native:schmidt_threshold_translation_estimation,4630288410582843392
slam_native:track_creation_skip_threshold,4630288410577469440
slam_native:tracker_lte_timeout_s,4630851360534298624
slam_native:use_identity_measurement_hessian,6935849944821137408
slam_native:use_partitioned_cost_ba,4630006935608885248
slam_native:use_recent_list_for_temporal_protected_kr,4630006935609475072
slam_native:use_strict_ransac_quality_checks,4630006935603380224
slam_native:use_unit_ba_measurements,4630006935608557568
slam_native:use_vectorized_ba,4630006935608819712
slam_native:use_vio_imu_edges_in_map,4630006935602528256
slam_native:vio_edge_decorrelation_factor,4630851360533118976
slam_native:vio_imu_edges_recompute_old_hessians,4630006935602593792
slam_native:vio_num_map_krs_in_state,4630288410579369984
slam_native:vit_position_std_thresh_m,4630851360531546112
slam_native:vit_rotation_std_thresh_deg,4630851360531611648
slam_native:zncc_trust_pre_gradient_checks,4630006935609344000
system_extensions_connectivity_sessionless:ocms_network_optimization_enabled,4630013447306739712
transport_manager_sessionless:connect_timeout_msec,4630286797817446400
transport_manager_sessionless:database_update_chunk_size_bytes,4630286797816528896
transport_manager_sessionless:database_update_period_msec,4630286797816463360
transport_manager_sessionless:event_retention_hours,4630286797817053184
transport_manager_sessionless:event_row_limit,4630286797817118720
transport_manager_sessionless:max_concurrent_sessions,4630286797816201216
transport_manager_sessionless:max_concurrent_sessions_low_battery,4630286797816332288
transport_manager_sessionless:max_data_saver_default_session_size_bytes,4630286797817315328
transport_manager_sessionless:max_payload_response_length,4630286797816659968
transport_manager_sessionless:max_response_headers_length,4630286797817380864
transport_manager_sessionless:max_session_data_size_bytes,4630286797816987648
transport_manager_sessionless:meta_upload_service_resume_offset_query_backoff_factor,4630849747771064320
transport_manager_sessionless:meta_upload_service_resume_offset_query_base_timeout_msec,4630286797817708544
transport_manager_sessionless:meta_upload_service_resume_offset_query_max_retries,4630286797817577472
transport_manager_sessionless:post_interrupt_delay_msec,4630286797817511936
transport_manager_sessionless:prempt_running_sessions_flag,6935848332053905408
transport_manager_sessionless:read_timeout_msec,4630286797817249792
transport_manager_sessionless:stale_incomplete_session_expiration_period_msec,4630286797817839616
transport_manager_sessionless:upload_buffer_size_bytes,4630286797816397824
transport_manager_sessionless:write_timeout_msec,4630286797817184256
vros_vendor_sessionless:commlib_enabled,6935843477666398208
vros_vendor_sessionless:enable_sensor_service_min_memory_bytes,4630000468454342656
vros_vendor_sessionless:fastpath_mlock_enabled,4630000468455063552
vros_vendor_sessionless:fastpath_mlock_max_bytes,4630281943431577600
vros_vendor_sessionless:fastpath_mlock_regions,4630563418408353792
vros_vendor_sessionless:mros_enable_strata_composer,4630000468453621760
vros_vendor_sessionless:oculus_camera_enable_rgb_crop,4630000468453097472
vros_vendor_sessionless:oculus_controller_thumbstick_drift_detection,4630000468453163008
vros_vendor_sessionless:oculus_controller_thumbstick_drift_notification,4630000468453687296
vros_vendor_sessionless:oculus_kswapd_affinity,4630000468453556224
vros_vendor_sessionless:oculus_mobile_bpfagent_enabled,4630000468453490688
vros_vendor_sessionless:oculus_sched_orchestrator,4630000468453949440
vros_vendor_sessionless:oculus_sensorservice_imu_gyro_mean_detection,4630000468453294080
vros_vendor_sessionless:oculus_sensorservice_imu_gyro_mean_notification,4630000468453359616
vros_vendor_sessionless:oculus_sensorservice_imu_gyro_mean_window,4630281943429939200
vros_vendor_sessionless:oculus_sensorservice_imu_gyro_stuck_detection,4630000468453031936
vros_vendor_sessionless:oculus_sensorservice_imu_gyro_stuck_notification,4630000468452966400
vros_vendor_sessionless:oculus_sensorservice_imu_gyro_stuck_threshold,4630281943429545984
vros_vendor_sessionless:oculus_sensorservice_imu_skip_batch_enabled,4630000468453883904
vros_vendor_sessionless:orchestrator_enforce_rt,4630000468454211584
vros_vendor_sessionless:passcode_ui_standardization_enabled,4630000468452769792
vros_vendor_sessionless:sensor_service_min_memory_bytes,4630281943430987776
vros_vendor_sessionless:vros_vendor_sessionless_systemmodes,4630563418407567360
vros_vendor_sessionless:xcs_camera_algo_enable_in_house_aec,4630000468452442112
vros_vendor_sessionless:xcs_camera_algo_enable_mctf,4630000468452507648
vros_vendor_sessionless:xcs_camera_algo_enable_photographic_pt_tuning,4630000468452573184
vros_vendor_sessionless:xcs_camera_algo_enable_photographic_pt_universe,4630000468452638720
vros_vendor_sessionless:zram_backing_dev_enabled,4630000468453425152
vros_vendor_sessionless:zswap_enabled,4630000468454408192
